timestamp,event_type,gpu_id
0,add,node1
0,add,node2
0,add,node3
0,add,node4
0,add,node5
0,add,node6
0,add,node7
0,add,node8
0,add,node9
0,add,node10
0,add,node11
0,add,node12
0,add,node13
0,add,node14
0,add,node15
0,add,node16
0,add,node17
0,add,node18
190429,remove,node11
240000,add,node11
300000,add,node19
483988,remove,node7
540000,add,node7
540000,add,node20
540000,add,node21
600000,add,node22
600000,add,node23
1136631,remove,node23
1213945,remove,node6
1214126,remove,node5
1408354,remove,node15
1420318,remove,node16
1641360,remove,node14
1860000,add,node5
1860000,add,node6
1860000,add,node14
1860000,add,node15
1860000,add,node16
1860000,add,node23
1923026,remove,node22
2084144,remove,node7
2160000,add,node7
2280000,add,node22
2280000,add,node24
2374998,remove,node17
2640000,add,node17
2640180,remove,node14
2820991,remove,node23
2980968,remove,node1
3208006,remove,node19
3300000,add,node1
3300000,add,node14
3300000,add,node19
3300000,add,node23
3300000,add,node25
3360000,add,node26
3480000,add,node27
3480000,add,node28
3480000,add,node29
3540000,add,node30
3540000,add,node31
3540000,add,node32
3660000,add,node33
4011950,remove,node23
4147939,remove,node30
4200000,add,node23
4200000,add,node30
4200000,add,node34
4238085,remove,node6
4260000,add,node6
4260000,add,node35
4260000,add,node36
4260000,add,node37
4440000,add,node38
4440000,add,node39
4440000,add,node40
4477077,remove,node18
4500000,add,node18
4500000,add,node41
4717264,remove,node22
4785377,remove,node36
4804151,remove,node30
4815953,remove,node25
4900543,remove,node20
5160000,add,node20
5160000,add,node22
5220000,add,node25
5363866,remove,node4
5395694,remove,node9
5454447,remove,node16
5498030,remove,node25
5640000,add,node4
5663519,remove,node28
5776864,remove,node11
5823722,remove,node21
6303171,remove,node27
6468803,remove,node26
6660000,add,node9
6691168,remove,node37
6704887,remove,node24
6859390,remove,node35
6984629,remove,node10
7038221,remove,node34
7260000,add,node10
7380000,add,node11
7411038,remove,node3
7886108,remove,node10
8100000,add,node3
8100000,add,node10
8160000,add,node16
8160000,add,node21
8160000,add,node24
8160000,add,node25
8160880,remove,node29
8220000,add,node26
8355160,remove,node40
8450047,remove,node15
8632326,remove,node22
8654072,remove,node14
8940000,add,node14
8940000,add,node15
8940000,add,node22
8940000,add,node27
9000000,add,node28
9012604,remove,node14
9180000,add,node14
9180000,add,node29
9399266,remove,node41
9614498,remove,node20
9701142,remove,node13
9938689,remove,node4
9951152,remove,node6
9969541,remove,node9
10329255,remove,node38
10650083,remove,node25
10656884,remove,node27
10740000,add,node4
10740000,add,node6
10740000,add,node9
10740000,add,node13
10740000,add,node20
10740000,add,node25
10771120,remove,node8
10915434,remove,node5
11040000,add,node5
11061035,remove,node20
11688169,remove,node26
11753932,remove,node32
12060000,add,node8
12063786,remove,node29
12315764,remove,node22
12360000,add,node20
12360000,add,node22
12360000,add,node26
12360000,add,node27
12360000,add,node29
12360000,add,node30
12360000,add,node32
12393006,remove,node23
12472879,remove,node18
12689546,remove,node4
12780000,add,node4
12780000,add,node18
12802270,remove,node16
12896918,remove,node33
12955320,remove,node13
12960000,add,node13
13087102,remove,node9
13191010,remove,node8
13204942,remove,node5
13262389,remove,node15
13311350,remove,node13
13320000,add,node5
13320000,add,node8
13440000,add,node9
13440000,add,node13
13477109,remove,node5
13505321,remove,node4
13680000,add,node4
13680000,add,node5
13680000,add,node15
13680000,add,node16
13680000,add,node23
13800000,add,node33
13800000,add,node34
14100000,add,node35
14198005,remove,node27
14232712,remove,node20
14577435,remove,node15
14751432,remove,node7
14756067,remove,node4
14791986,remove,node9
14846234,remove,node35
14916800,remove,node6
15060000,add,node4
15060000,add,node6
15060000,add,node7
15060000,add,node9
15202360,remove,node1
15280635,remove,node30
15375930,remove,node2
16015677,remove,node39
16020000,add,node1
16020000,add,node2
16020000,add,node15
16020000,add,node20
16078616,remove,node14
16246493,remove,node25
16366642,remove,node5
16578936,remove,node19
16699541,remove,node15
16980000,add,node5
16980000,add,node14
17037476,remove,node10
17073040,remove,node5
17191323,remove,node21
17276168,remove,node20
17460000,add,node5
17580600,remove,node12
17657086,remove,node8
17729090,remove,node6
17788386,remove,node14
17817217,remove,node7
17820000,add,node6
17820000,add,node7
18175507,remove,node32
18360000,add,node8
18626994,remove,node34
18710012,remove,node5
18759963,remove,node22
18960000,add,node5
18960000,add,node10
19061355,remove,node3
19320000,add,node3
19440000,add,node12
19553663,remove,node7
19680000,add,node7
19680000,add,node14
19680000,add,node15
19680000,add,node19
19701457,remove,node29
19980000,add,node20
20100000,add,node21
20118745,remove,node24
20138230,remove,node13
20160000,add,node13
20160000,add,node22
20160000,add,node24
20160000,add,node25
20160000,add,node27
20172974,remove,node17
20307538,remove,node25
20350072,remove,node26
20400000,add,node17
20400000,add,node25
20400000,add,node26
20400000,add,node29
20400000,add,node30
20400000,add,node32
20460000,add,node34
20460000,add,node35
20820000,add,node36
20886620,remove,node4
20912601,remove,node8
21142893,remove,node11
21972834,remove,node2
22240036,remove,node3
22360237,remove,node9
22563617,remove,node18
22694033,remove,node26
22800000,add,node2
22880981,remove,node32
23083159,remove,node33
23101791,remove,node24
23476225,remove,node29
23700000,add,node3
23700000,add,node4
23700000,add,node8
23711185,remove,node28
23820000,add,node9
23820000,add,node11
23820000,add,node18
23914523,remove,node15
23916491,remove,node6
24120000,add,node6
24120000,add,node15
24400715,remove,node1
24660000,add,node1
24660000,add,node24
24660000,add,node26
24720000,add,node28
24720000,add,node29
24752424,remove,node31
24769155,remove,node19
24861851,remove,node23
25033631,remove,node28
25080000,add,node19
25139890,remove,node10
25140000,add,node10
25320000,add,node23
25479243,remove,node7
25980000,add,node7
26040000,add,node28
26102207,remove,node21
26398983,remove,node36
26400000,add,node21
26400000,add,node31
26547248,remove,node8
26700000,add,node8
26820000,add,node32
26880000,add,node33
26880000,add,node36
26880000,add,node37
26880000,add,node38
26880000,add,node39
26880000,add,node40
27127780,remove,node16
27205644,remove,node2
27216961,remove,node20
27240000,add,node2
27240000,add,node16
27241813,remove,node35
27320188,remove,node24
27457141,remove,node32
27650323,remove,node26
28097258,remove,node39
28223901,remove,node38
28403212,remove,node14
28560000,add,node14
28560000,add,node20
28560000,add,node24
28567706,remove,node29
28680000,add,node26
28740000,add,node29
28800000,add,node32
28800000,add,node35
28800000,add,node38
28800000,add,node39
28817347,remove,node40
29100000,add,node40
29131762,remove,node29
29165267,remove,node5
29340000,add,node5
29340000,add,node29
29415390,remove,node16
29520000,add,node16
29520000,add,node41
29581383,remove,node38
29726381,remove,node29
29769047,remove,node23
30000000,add,node23
30176142,remove,node37
30187304,remove,node15
30343595,remove,node19
30420000,add,node15
30498143,remove,node3
30578102,remove,node23
30589590,remove,node4
30591267,remove,node28
30666047,remove,node30
30726256,remove,node25
31620000,add,node3
31620000,add,node4
31665586,remove,node7
31860000,add,node7
31860000,add,node19
31956518,remove,node24
32633164,remove,node40
32735262,remove,node35
32917009,remove,node39
32918942,remove,node9
32926414,remove,node6
33043093,remove,node22
33240000,add,node6
33240000,add,node9
33240000,add,node22
33240000,add,node23
33300000,add,node24
33300000,add,node25
33376990,remove,node14
33410818,remove,node23
33458438,remove,node2
33660894,remove,node36
33702702,remove,node21
33759896,remove,node16
33809040,remove,node9
33833963,remove,node27
33882752,remove,node24
34043238,remove,node22
34080000,add,node2
34095106,remove,node20
34200000,add,node9
34567020,remove,node10
34620000,add,node10
34620000,add,node14
34620000,add,node16
34620000,add,node20
34622877,remove,node11
34662816,remove,node34
34724176,remove,node3
34754490,remove,node6
34945356,remove,node19
35194539,remove,node5
35220000,add,node3
35220000,add,node5
35220000,add,node6
35432102,remove,node8
35619670,remove,node15
35709417,remove,node32
35798273,remove,node25
35839619,remove,node13
35880000,add,node8
35995186,remove,node20
36352990,remove,node1
36592770,remove,node26
36615836,remove,node18
36683355,remove,node33
36720000,add,node1
36812464,remove,node16
37137088,remove,node17
37320000,add,node11
37501431,remove,node12
37590816,remove,node4
37620000,add,node4
37620000,add,node12
37620000,add,node13
37680000,add,node15
37680000,add,node16
37680000,add,node17
37680000,add,node18
38040000,add,node19
38040000,add,node20
38178392,remove,node6
38220000,add,node6
38220000,add,node21
38412734,remove,node15
38550531,remove,node5
38880000,add,node5
38940000,add,node15
38940000,add,node22
39120000,add,node23
39720000,add,node24
39720000,add,node25
39960087,remove,node41
40127331,remove,node4
40181123,remove,node16
40236819,remove,node23
40260000,add,node4
40323851,remove,node20
40399294,remove,node25
40525797,remove,node24
40733587,remove,node13
40800000,add,node13
40993524,remove,node9
41484740,remove,node13
41715951,remove,node19
42088380,remove,node10
42547923,remove,node15
42660000,add,node9
43026710,remove,node5
43291022,remove,node2
43380000,add,node2
43380000,add,node5
43380000,add,node10
43380000,add,node13
43380000,add,node15
43552760,remove,node14
43740000,add,node14
43800000,add,node16
43800000,add,node19
43860000,add,node20
43912162,remove,node16
44054777,remove,node13
44340000,add,node13
44340000,add,node16
44340000,add,node23
44460000,add,node24
44460000,add,node25
44460000,add,node26
44460000,add,node27
44492747,remove,node1
44520000,add,node1
44520000,add,node28
44520000,add,node29
44520000,add,node30
44579159,remove,node26
44787504,remove,node20
44951544,remove,node31
45122294,remove,node29
45606104,remove,node9
46020000,add,node9
46020000,add,node20
46022623,remove,node6
46188432,remove,node24
46260000,add,node6
46260000,add,node24
46320000,add,node26
46376399,remove,node10
46457768,remove,node7
46867182,remove,node21
47280000,add,node7
47323931,remove,node23
47400000,add,node10
47580000,add,node21
47580000,add,node23
47678842,remove,node19
48211749,remove,node21
49030079,remove,node1
49331093,remove,node30
49440000,add,node1
49440000,add,node19
49509488,remove,node13
49553323,remove,node12
49577569,remove,node11
49666974,remove,node4
49712367,remove,node8
50160000,add,node4
50160000,add,node8
50536121,remove,node22
50880000,add,node11
50880000,add,node12
50880000,add,node13
50880000,add,node21
50880000,add,node22
50940000,add,node29
51202659,remove,node5
51228467,remove,node10
51423583,remove,node4
51441327,remove,node6
51660000,add,node4
51660000,add,node5
51660000,add,node6
51660000,add,node10
51660000,add,node30
51660000,add,node31
51660000,add,node32
51700473,remove,node15
51795081,remove,node9
51859014,remove,node19
51900000,add,node9
52371030,remove,node9
52740000,add,node9
52740000,add,node15
52740000,add,node19
52797166,remove,node20
52832232,remove,node4
52928071,remove,node7
52996627,remove,node17
53046137,remove,node18
53400000,add,node4
53400000,add,node7
53400000,add,node17
53400000,add,node18
53400000,add,node20
53820000,add,node33
53938230,remove,node29
54045130,remove,node1
54240000,add,node1
54263645,remove,node13
54413880,remove,node18
54698121,remove,node6
54720000,add,node6
54720000,add,node13
55138059,remove,node1
55314448,remove,node7
55539173,remove,node32
55560000,add,node1
55560000,add,node7
55800000,add,node18
56056951,remove,node18
56182290,remove,node14
56400000,add,node14
56400000,add,node18
56437688,remove,node12
56460000,add,node12
56820000,add,node29
56965643,remove,node5
57096732,remove,node17
57569725,remove,node19
57821296,remove,node3
57840000,add,node3
58046178,remove,node18
58175949,remove,node11
58451501,remove,node24
58500000,add,node5
59145945,remove,node13
59229222,remove,node12
59340000,add,node11
59340000,add,node12
59340000,add,node13
59340000,add,node17
59340000,add,node18
60213247,remove,node33
60388338,remove,node29
60455209,remove,node1
60487265,remove,node11
60903023,remove,node16
61020000,add,node1
61020000,add,node11
61140000,add,node16
61148637,remove,node25
61200000,add,node19
61340918,remove,node17
61532360,remove,node31
61620000,add,node17
61645726,remove,node30
61647156,remove,node22
61668308,remove,node26
62036035,remove,node27
62151802,remove,node16
62197856,remove,node3
62285792,remove,node19
62580000,add,node3
62640000,add,node16
62700000,add,node19
62760000,add,node22
62834176,remove,node8
62880000,add,node8
62935516,remove,node6
62992076,remove,node16
63122481,remove,node18
63316561,remove,node14
63360000,add,node6
63462299,remove,node13
63601093,remove,node1
63618673,remove,node4
63780000,add,node1
64071945,remove,node19
64174628,remove,node5
64309753,remove,node2
64346439,remove,node17
64844346,remove,node21
64860000,add,node2
65580000,add,node4
65580000,add,node5
65580000,add,node13
65873607,remove,node23
65880000,add,node14
65880000,add,node16
66480000,add,node17
66559004,remove,node22
66715623,remove,node7
66850807,remove,node11
67008781,remove,node4
67010607,remove,node2
67020000,add,node2
67020000,add,node4
67020000,add,node7
67020000,add,node11
67122923,remove,node8
67198342,remove,node5
67320000,add,node5
67500000,add,node8
67620000,add,node18
67870686,remove,node7
68400977,remove,node28
68434738,remove,node17
68524587,remove,node13
68564097,remove,node18
68580000,add,node7
68580000,add,node13
68810696,remove,node14
68880000,add,node14
68909668,remove,node3
69091587,remove,node20
69240000,add,node3
69240000,add,node17
69240000,add,node18
69241269,remove,node10
69408989,remove,node5
69420000,add,node5
69420000,add,node10
69696708,remove,node16
70024475,remove,node8
70242147,remove,node17
70685744,remove,node11
71280000,add,node8
71280000,add,node11
71340000,add,node16
71352544,remove,node2
71400000,add,node2
71446641,remove,node18
71579856,remove,node4
72090694,remove,node11
72193329,remove,node6
72237408,remove,node10
72360000,add,node4
72589062,remove,node16
72600000,add,node6
72600000,add,node10
72600000,add,node11
72600000,add,node16
72600000,add,node17
72600000,add,node18
72600000,add,node19
72744498,remove,node2
72751970,remove,node3
72904629,remove,node12
73080000,add,node2
73080000,add,node3
73080000,add,node12
73080000,add,node20
73080000,add,node21
73114784,remove,node8
73260000,add,node8
73380000,add,node22
73486792,remove,node6
73496665,remove,node14
73500000,add,node6
73500000,add,node14
73800000,add,node23
73860000,add,node24
73925764,remove,node19
74040000,add,node19
74040000,add,node25
74040000,add,node26
74400000,add,node27
74434011,remove,node5
74527921,remove,node21
74580000,add,node5
74580000,add,node21
74580000,add,node28
74580000,add,node29
74580000,add,node30
74598196,remove,node18
74640000,add,node18
74701733,remove,node6
74819679,remove,node1
75000000,add,node1
75000000,add,node6
75000000,add,node31
75060000,add,node32
75088645,remove,node7
75255757,remove,node12
75540000,add,node7
75540000,add,node12
75557763,remove,node28
75780000,add,node28
75780000,add,node33
75780000,add,node34
75793005,remove,node10
75960000,add,node10
75960000,add,node35
75960000,add,node36
76012236,remove,node19
76092831,remove,node1
76140000,add,node1
76140000,add,node19
76200000,add,node37
76200000,add,node38
76200000,add,node39
76200000,add,node40
76200000,add,node41
76448236,remove,node23
76500000,add,node23
76500000,add,node42
76500000,add,node43
76500000,add,node44
76559090,remove,node31
76834339,remove,node4
77100000,add,node4
77171250,remove,node13
77289105,remove,node39
77507248,remove,node14
77548260,remove,node8
77681633,remove,node42
77700000,add,node8
77700000,add,node13
77700000,add,node14
77700000,add,node31
77723228,remove,node27
77755541,remove,node35
77760000,add,node27
77820000,add,node35
77925492,remove,node2
78104192,remove,node3
78360000,add,node2
78360000,add,node3
78381431,remove,node7
78423467,remove,node44
78480000,add,node7
78576353,remove,node14
78782554,remove,node33
78833664,remove,node38
78900484,remove,node22
78937356,remove,node43
79364513,remove,node28
79500000,add,node14
79500000,add,node22
79598173,remove,node34
79733642,remove,node15
79886633,remove,node7
80195419,remove,node10
80395407,remove,node8
80586583,remove,node25
80760000,add,node7
81060000,add,node8
81060000,add,node10
81229886,remove,node8
81235046,remove,node20
81844004,remove,node19
81847260,remove,node41
81879200,remove,node17
81951701,remove,node37
81970197,remove,node29
82001431,remove,node26
82103187,remove,node4
82200000,add,node4
82200000,add,node8
82222908,remove,node18
82720702,remove,node14
82740000,add,node14
83041207,remove,node3
83160000,add,node3
83311370,remove,node22
83347542,remove,node16
83734028,remove,node6
84229247,remove,node5
84273786,remove,node32
84360000,add,node5
84360000,add,node6
84360000,add,node15
84360000,add,node16
84360000,add,node17
84904620,remove,node40
85053379,remove,node35
85078003,remove,node23
85107498,remove,node2
85255688,remove,node6
85340477,remove,node17
85440000,add,node2
85440000,add,node6
85440000,add,node17
85440000,add,node18
85620000,add,node19
85620000,add,node20
85620000,add,node22
85680000,remove,node19
85898764,remove,node18
85965384,remove,node7
85980000,add,node7
85980000,add,node18
85980000,add,node19
85980000,add,node23
86100000,add,node25
86160000,add,node26
86160000,add,node28
86340000,add,node29
86340000,add,node32
86467311,remove,node32
86542401,remove,node27
86716531,remove,node12
86820000,add,node12
86880000,add,node27
87090714,remove,node13
87200911,remove,node25
87568553,remove,node27
87818504,remove,node31
87821562,remove,node14
88059661,remove,node5
88077568,remove,node36
88241619,remove,node20
88588124,remove,node1
88643598,remove,node17
88712326,remove,node7
88717598,remove,node18
88815895,remove,node22
88941426,remove,node30
88992093,remove,node4
89340000,add,node1
89340000,add,node4
89550116,remove,node26
89693352,remove,node23
89851266,remove,node2
89870353,remove,node9
89891871,remove,node4
89940000,add,node2
90060000,add,node4
90116369,remove,node11
90360000,add,node5
90360000,add,node7
90378393,remove,node4
90600000,add,node4
90600000,add,node9
90654166,remove,node3
90709217,remove,node6
90901579,remove,node5
90960000,add,node3
91492808,remove,node21
91800000,add,node5
91800000,add,node6
91800000,add,node11
91800000,add,node13
91800000,add,node14
91860000,add,node17
91860000,add,node18
91980000,add,node20
92029641,remove,node14
92040000,add,node14
92045753,remove,node10
92100000,add,node10
92100000,add,node21
92103428,remove,node18
92154928,remove,node29
92220000,add,node18
92220000,add,node22
92369135,remove,node3
92460000,add,node3
92460000,add,node23
92893316,remove,node21
93420000,add,node21
93494098,remove,node19
93540000,add,node19
93819884,remove,node9
93900000,add,node9
93901075,remove,node6
93942282,remove,node10
94044814,remove,node3
94109736,remove,node21
94200412,remove,node4
94249230,remove,node16
94620000,add,node3
94661715,remove,node1
94743333,remove,node23
94769942,remove,node5
94800000,add,node1
94800000,add,node4
94945405,remove,node19
95040000,add,node5
95040000,add,node6
95094094,remove,node13
95515867,remove,node8
96222070,remove,node24
96300000,add,node8
96300000,add,node10
96300000,add,node13
96630320,remove,node3
96879504,remove,node1
97260000,add,node1
97260000,add,node3
97260000,add,node16
97334172,remove,node6
97395369,remove,node8
97465915,remove,node3
97620000,add,node3
97620000,add,node6
97781021,remove,node11
98059412,remove,node17
98376212,remove,node20
98400000,add,node8
98400000,add,node11
98400000,add,node17
98400000,add,node19
98400000,add,node20
98400000,add,node21
98400000,add,node23
98520000,add,node24
98520000,add,node25
98572228,remove,node19
98595227,remove,node5
98640000,add,node5
98645043,remove,node7
98709730,remove,node6
99042090,remove,node28
99329173,remove,node21
99344438,remove,node16
99618075,remove,node3
99660000,add,node3
99660000,add,node6
99660000,add,node7
99660000,add,node16
99711338,remove,node5
99731728,remove,node11
100372942,remove,node13
100502784,remove,node4
100513670,remove,node17
100710021,remove,node1
100740000,add,node1
100885579,remove,node14
101019569,remove,node16
101040000,add,node4
101640000,add,node5
101760000,add,node11
101857944,remove,node22
101940000,add,node13
101940000,add,node14
101987616,remove,node2
102240000,add,node2
102240000,add,node16
102331121,remove,node4
102360000,add,node4
102633913,remove,node18
102720000,add,node17
102887523,remove,node8
103140000,add,node8
103200000,add,node18
103254726,remove,node12
103484375,remove,node23
103500000,add,node12
103500000,add,node19
103798455,remove,node1
104006802,remove,node11
104220000,add,node1
104220000,add,node11
104220000,add,node21
104256055,remove,node13
104393011,remove,node4
104400000,add,node4
104460000,add,node13
104460000,add,node22
104460000,add,node23
104460000,add,node26
104460000,add,node27
104608572,remove,node24
104944875,remove,node15
105007795,remove,node3
105047929,remove,node6
105180000,add,node3
105180000,add,node6
105300000,add,node15
105300000,add,node24
105406975,remove,node19
105707662,remove,node9
105893421,remove,node22
105951324,remove,node7
106332362,remove,node11
106560000,add,node7
106887398,remove,node17
106900922,remove,node14
107009918,remove,node15
107042618,remove,node12
107062219,remove,node5
107152738,remove,node10
107700000,add,node5
108111872,remove,node13
108144453,remove,node25
108780000,add,node9
108960000,add,node10
108960000,add,node11
108960000,add,node12
108960000,add,node13
108960000,add,node14
109131704,remove,node23
109140000,add,node15
109140000,add,node17
109140000,add,node19
109200000,add,node22
109380000,add,node23
109380000,add,node25
109380000,add,node28
109461979,remove,node15
109475943,remove,node21
109661766,remove,node16
109918926,remove,node23
110040000,add,node15
110540952,remove,node18
110918338,remove,node19
110979806,remove,node1
111000000,add,node1
111000000,add,node16
111221655,remove,node16
111252523,remove,node20
111325335,remove,node8
111847268,remove,node25
111875321,remove,node27
111900000,add,node8
111900085,remove,node3
112200000,add,node3
112200000,add,node16
112200000,add,node18
112200000,add,node19
112200000,add,node20
112500000,add,node21
112500000,add,node23
112679570,remove,node5
112801377,remove,node1
112895677,remove,node12
113100000,add,node1
113501956,remove,node7
113700000,add,node5
113880000,add,node7
114000000,add,node12
114023981,remove,node28
114167910,remove,node12
114473080,remove,node17
114575183,remove,node5
114970306,remove,node18
115384390,remove,node6
115430708,remove,node20
115476150,remove,node26
115584856,remove,node9
115766682,remove,node15
115920000,add,node5
115986098,remove,node22
116189346,remove,node7
116400000,add,node6
116491234,remove,node2
116513220,remove,node1
117060000,add,node1
117417745,remove,node4
117960000,add,node2
117960000,add,node4
117960000,add,node7
117960000,add,node9
117960000,add,node12
118989226,remove,node5
119019771,remove,node14
119220000,add,node5
119220000,add,node14
119256764,remove,node7
119340000,add,node7
119400000,add,node15
119400000,add,node17
119400000,add,node18
119587186,remove,node13
119751316,remove,node12
119882162,remove,node17
120300000,add,node12
120300000,add,node13
120300000,add,node17
120300000,add,node20
120300000,add,node22
120306226,remove,node19
120360000,add,node19
120360000,add,node25
120360000,add,node26
120437371,remove,node1
120720000,add,node1
120720000,add,node27
120840000,add,node28
121018176,remove,node3
121044313,remove,node7
121454222,remove,node1
121648432,remove,node13
121826023,remove,node2
122090154,remove,node25
122094993,remove,node19
122160000,add,node1
122160000,add,node2
122160000,add,node3
122160000,add,node7
122165193,remove,node15
122400000,add,node13
122860744,remove,node7
122940000,add,node7
122940000,add,node15
122981713,remove,node8
123420000,add,node8
123478131,remove,node17
123517637,remove,node4
123543351,remove,node21
123563600,remove,node14
123596474,remove,node7
123720000,add,node4
123720000,add,node7
123780221,remove,node11
123900000,add,node11
123900000,add,node14
124412956,remove,node13
124641966,remove,node15
124702351,remove,node5
124800000,add,node5
124800000,add,node13
124800000,add,node15
124975155,remove,node26
125340000,add,node17
125340000,add,node19
125340000,add,node21
125940000,add,node25
125971187,remove,node14
126712844,remove,node10
126777515,remove,node24
126840000,add,node10
126900000,add,node14
126935849,remove,node3
126960000,add,node3
126960000,add,node24
126960000,add,node26
127027342,remove,node26
127080000,add,node26
127080000,add,node29
127081662,remove,node22
127200000,add,node22
127200000,add,node30
127260000,add,node31
127260000,add,node32
127260000,add,node33
127680000,add,node34
127680000,add,node35
127680000,add,node36
127680000,add,node37
127680000,add,node38
128220000,add,node39
128220756,remove,node20
128237589,remove,node37
128304755,remove,node2
128400000,add,node2
128400000,add,node20
128496091,remove,node34
128789755,remove,node2
128852798,remove,node11
129003636,remove,node4
129953597,remove,node33
129960000,add,node2
129960000,add,node4
129960000,add,node11
129960000,add,node33
129960000,add,node34
129960000,add,node37
130027808,remove,node38
130163083,remove,node34
130183166,remove,node33
130260000,add,node33
130260000,add,node34
130260000,add,node38
130967481,remove,node21
130980768,remove,node4
130992374,remove,node5
131243757,remove,node1
131246713,remove,node24
131707531,remove,node6
131849655,remove,node22
131865026,remove,node19
131906513,remove,node27
131924394,remove,node31
132145707,remove,node17
132384318,remove,node38
132479829,remove,node28
132497432,remove,node37
132780000,add,node1
132840000,add,node4
132840000,add,node5
132840000,add,node6
132873163,remove,node23
132888642,remove,node29
133203760,remove,node7
133320000,add,node7
133320000,add,node17
133374517,remove,node39
133380000,add,node19
133506430,remove,node6
133620000,add,node6
133620000,add,node21
133688293,remove,node8
133910857,remove,node34
134328726,remove,node36
134528782,remove,node14
134546509,remove,node5
135048343,remove,node13
135420000,add,node5
135441353,remove,node7
135540000,add,node7
135580045,remove,node30
135610771,remove,node15
135749071,remove,node21
135815688,remove,node7
136020000,add,node7
136355002,remove,node10
136485097,remove,node1
136652325,remove,node3
136810595,remove,node6
136835082,remove,node33
136863289,remove,node18
137259151,remove,node25
137708641,remove,node2
137881260,remove,node11
139364152,remove,node20
139583124,remove,node4
140871340,remove,node9
141222671,remove,node16
141960072,remove,node35
143920763,remove,node32
145550398,remove,node12
146725052,remove,node26
146727310,remove,node7
147290168,remove,node5
148147625,remove,node19
148709604,remove,node17
